Model,Modality,SNR,WER,CER,BERTScore,SemanticSimilarity,ViPS
AV_relscore,AV,-5.0,0.34529828109201216,0.218713567839196,0.8668163913294369,0.6719159,0.8910196691371639
