Model,Modality,SNR,WER,CER,BERTScore,SemanticSimilarity,ViPS
AV_Relscore,AV,-7.5,0.48422649140546004,0.32494472361809046,0.8200672302933736,0.549217,0.8446562245312982
