Model,Modality,SNR,WER,CER,BERTScore,SemanticSimilarity,ViPS
AV_relscore,AV,-2.5,0.23559150657229525,0.14122613065326634,0.9051594685912584,0.7681881,0.9273845331703072
