Model,Modality,SNR,WER,CER,BERTScore,SemanticSimilarity,ViPS
AV_Relscore,AV,2.5,0.12598584428715875,0.06715577889447236,0.9487941978015654,0.87340736,0.9630408156436914
