Model,Modality,SNR,WER,CER,BERTScore,SemanticSimilarity,ViPS
Auto-AVSR,AO,-5.0,0.2787664307381193,0.22267336683417085,0.8919419327935516,0.7424499,0.8325540980319216
