Model,Modality,SNR,WER,CER,BERTScore,SemanticSimilarity,ViPS
Auto-AVSR,AO,7.5,0.018503538928210314,0.012080402010050251,0.9925155624307348,0.98310006,0.9923283561368157
