Model,Modality,SNR,WER,CER,BERTScore,SemanticSimilarity,ViPS
avec,AO,7.5,0.10151668351870577,0.0518391959798995,0.9518334975213737,0.8853933,0.9657705668813902
