Model,Modality,SNR,WER,CER,BERTScore,SemanticSimilarity,ViPS
avec,AO,-5.0,0.8252780586450961,0.6903316582914573,0.6549916661976866,0.24103162,0.4438507014017002
