Model,Modality,SNR,WER,CER,BERTScore,SemanticSimilarity,ViPS
avec,AO,5.0,0.15075834175935288,0.07955778894472362,0.9304988542169806,0.8322689,0.9515787474202101
