Model,Modality,SNR,WER,CER,BERTScore,SemanticSimilarity,ViPS
avec,AO,2.5,0.23488372093023255,0.13539698492462313,0.894049407495503,0.74999166,0.9215710404310588
