Model,Modality,SNR,WER,CER,BERTScore,SemanticSimilarity,ViPS
AV_Relscore,AO,-2.5,0.3961577350859454,0.26749748743718593,0.8504360624103272,0.63023084,0.876001574406228
