Model,Modality,SNR,WER,CER,BERTScore,SemanticSimilarity,ViPS
AVEC,AV,-2.5,0.2672396359959555,0.15260301507537688,0.8846117258071899,0.72236794,0.9100026171199319
