Model,Modality,SNR,WER,CER,BERTScore,SemanticSimilarity,ViPS
avec,AV,7.5,0.06471183013144591,0.030834170854271356,0.9698416675517814,0.92993015,0.9782229434493273
