Model,Modality,SNR,WER,CER,BERTScore,SemanticSimilarity,ViPS
avec,AV,-7.5,0.5654196157735086,0.41035175879396985,0.7665496277682805,0.47932613,0.6827692066052342
