Model,Modality,SNR,WER,CER,BERTScore,SemanticSimilarity,ViPS
AVEC,AV,5.0,0.08493427704752275,0.04092462311557789,0.9620832620381767,0.9057684,0.9741461748173611
