Model,Modality,SNR,WER,CER,BERTScore,SemanticSimilarity,ViPS
avec,AV,2.5,0.12234580384226491,0.06184924623115578,0.9444808433174997,0.8644999,0.9612576483566394
