Model,Modality,SNR,WER,CER,BERTScore,SemanticSimilarity,ViPS
AV_Relscore,AO,7.5,0.07381193124368049,0.041125628140703516,0.9667298076822395,0.92139095,0.9741790402552809
