Model,Modality,SNR,WER,CER,BERTScore,SemanticSimilarity,ViPS
AV_relscore,AO,2.5,0.15207280080889787,0.09187939698492463,0.9360958033669274,0.8448275,0.9500527976296953
