Model,Modality,SNR,WER,CER,BERTScore,SemanticSimilarity,ViPS
AV_Relscore,AO,-7.5,0.8811931243680485,0.706070351758794,0.6703213551656303,0.25028017,0.7041634640448576
