Model,Modality,SNR,WER,CER,BERTScore,SemanticSimilarity,ViPS
AV_relscore,AO,-5.0,0.6278058645096056,0.45537688442211055,0.7790051967604967,0.44072554,0.800678532932839
