Model,Modality,SNR,WER,CER,BERTScore,SemanticSimilarity,ViPS
AV_relscore,AO,5.0,0.10040444893832154,0.05792964824120603,0.9569403576092861,0.8945724,0.966192973888085
