Model,Modality,SNR,WER,CER,BERTScore,SemanticSimilarity,ViPS
AV_relscore,AO,0.0,0.22669362992922143,0.1487638190954774,0.9148375212830364,0.7871141,0.927487626203266
