Model,Modality,SNR,WER,CER,BERTScore,SemanticSimilarity,ViPS
auto-avsr,AV,-7.5,0.16359959555106168,0.11817085427135679,0.9361829908619678,0.8492552,0.9246421301566334
