Model,Modality,SNR,WER,CER,BERTScore,SemanticSimilarity,ViPS
auto-avsr,AV,-5.0,0.09211324570273004,0.05921608040201005,0.9621594511677514,0.91115147,0.9642753114966991
