Model,Modality,SNR,WER,CER,BERTScore,SemanticSimilarity,ViPS
Auto-AVSR,AV,7.5,0.013549039433771486,0.007778894472361809,0.9944556838720698,0.98709494,0.9953032824910234
