Model,Modality,SNR,WER,CER,BERTScore,SemanticSimilarity,ViPS
auto-avsr,AV,5.0,0.01769464105156724,0.010331658291457286,0.992275347500295,0.98344254,0.9934511382243381
