Model,Modality,SNR,WER,CER,BERTScore,SemanticSimilarity,ViPS
auto-avsr,AV,2.5,0.02264914054600607,0.013105527638190955,0.9906275119860907,0.9773767,0.9925380470517363
