{
  "num_examples": 1321,
  "standard": {
    "avg_viseme_score": 0.9933150436377741,
    "avg_phonetic_distance": 0.17518294221549333,
    "avg_phonetic_score": 0.99461624046051
  },
  "weighted": {
    "avg_phonetically_weighted_viseme_score": 0.9949951157548297,
    "avg_phonetic_distance": 0.16590060269333792,
    "avg_phonetic_score": 0.9949538781306788
  },
  "comparison": {
    "avg_score_difference": 0.0016800721170553447,
    "max_score_improvement": 0.2224404563358504,
    "avg_phonetic_score_difference": 0.0003376376701689611,
    "max_phonetic_score_improvement": 0.06704873966360514,
    "percent_viseme_improved": 3.2551097653292964,
    "percent_viseme_unchanged": 96.7448902346707,
    "percent_viseme_worse": 0.0,
    "percent_phonetic_improved": 3.709311127933384,
    "percent_phonetic_unchanged": 96.29068887206662,
    "percent_phonetic_worse": 0.0
  },
  "additional_metrics": {
    "character_error_rate": 0.008402010050251256,
    "word_error_rate": 0.014762386248736097,
    "word_similarity": 0.9942783355933342,
    "meteor_score": 0.9827801967041828,
    "rouge1_score": 0.9886070580769528,
    "rouge2_score": 0.9813199059032144,
    "rougeL_score": 0.9886070580769528,
    "sentence_bleu_score": 0.9289846916208244,
    "bertscore_precision": 0.997079074382782,
    "bertscore_recall": 0.9968488812446594,
    "bertscore_f1": 0.9969561100006104,
    "semantic_similarity": 0.9864586557428734,
    "semantic_wer": 0.013541344257126608
  },
  "character_error_rate": 0.008402010050251256,
  "word_error_rate": 0.014762386248736097,
  "word_similarity": 0.9942783355933342,
  "meteor_score": 0.9827801967041828,
  "rouge1_score": 0.9886070580769528,
  "rouge2_score": 0.9813199059032144,
  "rougeL_score": 0.9886070580769528,
  "sentence_bleu_score": 0.9289846916208244,
  "bertscore_precision": 0.997079074382782,
  "bertscore_recall": 0.9968488812446594,
  "bertscore_f1": 0.9969561100006104,
  "semantic_similarity": 0.9864586557428734,
  "semantic_wer": 0.013541344257126608
}