Model,Modality,SNR,WER,CER,BERTScore,SemanticSimilarity,ViPS
AVEC,AV,0.0,0.1763397371081901,0.0942110552763819,0.9211261007571022,0.8134333,0.9437511234789755
