Model,Modality,SNR,WER,CER,BERTScore,SemanticSimilarity,ViPS
AVEC,AV,-5.0,0.40525783619817995,0.25475376884422113,0.830998711586901,0.6019241,0.8370970614936013
