Model,Modality,SNR,WER,CER,BERTScore,SemanticSimilarity,ViPS
Auto-AVSR,AV,-2.5,0.056319514661274016,0.03549748743718593,0.9775243984488806,0.94690967,0.9789786534128412
