Model,Modality,SNR,WER,CER,BERTScore,SemanticSimilarity,ViPS
Auto-AVSR,AV,0.0,0.029524772497472193,0.018834170854271356,0.9875223232344368,0.969713,0.9883975165298345
