{
  "num_examples": 1321,
  "standard": {
    "avg_viseme_score": 0.8187813638041322,
    "avg_phonetic_distance": 3.855475649760283,
    "avg_phonetic_score": 0.8738670354952361
  },
  "weighted": {
    "avg_phonetically_weighted_viseme_score": 0.907287867595454,
    "avg_phonetic_distance": 2.994661826023454,
    "avg_phonetic_score": 0.9025416793212611
  },
  "comparison": {
    "avg_score_difference": 0.08850650379132156,
    "max_score_improvement": 0.6911760684863147,
    "avg_phonetic_score_difference": 0.028674643826024835,
    "max_phonetic_score_improvement": 0.22429493947583368,
    "percent_viseme_improved": 59.95457986373959,
    "percent_viseme_unchanged": 40.045420136260404,
    "percent_viseme_worse": 0.0,
    "percent_phonetic_improved": 61.99848599545798,
    "percent_phonetic_unchanged": 38.00151400454202,
    "percent_phonetic_worse": 0.0
  },
  "additional_metrics": {
    "character_error_rate": 0.18693467336683417,
    "word_error_rate": 0.2866531850353893,
    "word_similarity": 0.8351744012255967,
    "meteor_score": 0.7010957737389732,
    "rouge1_score": 0.7343563746106895,
    "rouge2_score": 0.6213741099061146,
    "rougeL_score": 0.7325682281770026,
    "sentence_bleu_score": 0.5274845854877097,
    "bertscore_precision": 0.9401119947433472,
    "bertscore_recall": 0.9412842988967896,
    "bertscore_f1": 0.9406474232673645,
    "semantic_similarity": 0.7109955723667454,
    "semantic_wer": 0.2890044276332546
  },
  "character_error_rate": 0.18693467336683417,
  "word_error_rate": 0.2866531850353893,
  "word_similarity": 0.8351744012255967,
  "meteor_score": 0.7010957737389732,
  "rouge1_score": 0.7343563746106895,
  "rouge2_score": 0.6213741099061146,
  "rougeL_score": 0.7325682281770026,
  "sentence_bleu_score": 0.5274845854877097,
  "bertscore_precision": 0.9401119947433472,
  "bertscore_recall": 0.9412842988967896,
  "bertscore_f1": 0.9406474232673645,
  "semantic_similarity": 0.7109955723667454,
  "semantic_wer": 0.2890044276332546
}