Model,Modality,SNR,WER,CER,BERTScore,SemanticSimilarity,ViPS
auto-avsr,AO,-2.5,0.12922143579373105,0.09525628140703518,0.9491951607737371,0.87516004,0.933113129941317
