Model,Modality,SNR,WER,CER,BERTScore,SemanticSimilarity,ViPS
auto-avsr,AO,2.5,0.04155712841253792,0.027919597989949748,0.9825540328458978,0.9584229,0.9812406874373106
