Model,Modality,SNR,WER,CER,BERTScore,SemanticSimilarity,ViPS
auto-avsr,AO,0.0,0.056622851365015166,0.04168844221105528,0.9784467429215938,0.9495357,0.9689548391479627
