Model,Modality,SNR,WER,CER,BERTScore,SemanticSimilarity,ViPS
auto-avsr,AO,-7.5,0.5587462082912033,0.5004422110552764,0.7785803097653443,0.52260405,0.5628502589658834
