Model,Modality,SNR,WER,CER,BERTScore,SemanticSimilarity,ViPS
auto-avsr,AO,5.0,0.026491405460060666,0.017185929648241206,0.9889818456568201,0.9769107,0.9892169424397228
