Model,Modality,SNR,WER,CER,BERTScore,SemanticSimilarity,ViPS
AV_Relscore,AV,0.0,0.14266936299292216,0.08245226130653266,0.9415193188379968,0.8592798,0.9574030851086917
