Model,Modality,SNR,WER,CER,BERTScore,SemanticSimilarity,ViPS
AV_Relscore,AV,7.5,0.0743174924165824,0.036984924623115575,0.9689570912170554,0.92265195,0.9796343378184175
