Model,Modality,SNR,WER,CER,BERTScore,SemanticSimilarity,ViPS
AV_Relscore,AV,5.0,0.0948432760364004,0.04906532663316583,0.9599352430250498,0.9031091,0.9726018820654498
