Model,Modality,SNR,WER,CER,BERTScore,SemanticSimilarity,ViPS
AVEC,AO,-2.5,0.5884732052578362,0.4115175879396985,0.754362658760387,0.42357013,0.7439108383209327
