Model,Modality,SNR,WER,CER,BERTScore,SemanticSimilarity,ViPS
AVEC,AO,-7.5,0.9728008088978767,0.9348542713567839,0.5542796151395281,0.15140836,0.10050061710654448
