Model,Modality,SNR,WER,CER,BERTScore,SemanticSimilarity,ViPS
AVEC,AO,0.0,0.37067745197168855,0.2266532663316583,0.8390773148765897,0.6129535,0.8686604292824307
