{
  "num_examples": 1243,
  "standard": {
    "avg_viseme_score": 0.7761721839958866,
    "avg_phonetic_distance": 3.672566371681416,
    "avg_phonetic_score": 0.8416899788158785
  },
  "weighted": {
    "avg_phonetically_weighted_viseme_score": 0.8834063330282822,
    "avg_phonetic_distance": 2.8514976834034385,
    "avg_phonetic_score": 0.8776173564595487
  },
  "comparison": {
    "avg_score_difference": 0.10723414903239563,
    "max_score_improvement": 0.6076886654551076,
    "avg_phonetic_score_difference": 0.0359273776436702,
    "max_phonetic_score_improvement": 0.26905983947191336,
    "percent_viseme_improved": 63.07320997586484,
    "percent_viseme_unchanged": 36.92679002413516,
    "percent_viseme_worse": 0.0,
    "percent_phonetic_improved": 65.40627514078842,
    "percent_phonetic_unchanged": 34.593724859211584,
    "percent_phonetic_worse": 0.0
  },
  "additional_metrics": {
    "character_error_rate": 0.24722180843140176,
    "word_error_rate": 0.38003003003003005,
    "word_similarity": 0.7971680469125568,
    "meteor_score": 0.6247100816073097,
    "rouge1_score": 0.6684178867588922,
    "rouge2_score": 0.5477725189800011,
    "rougeL_score": 0.6675768201068373,
    "sentence_bleu_score": 0.42062058040650824,
    "bertscore_precision": 0.9269012212753296,
    "bertscore_recall": 0.9261280298233032,
    "bertscore_f1": 0.9264299273490906,
    "semantic_similarity": 0.6368955950759769,
    "semantic_wer": 0.36310440492402307
  },
  "character_error_rate": 0.24722180843140176,
  "word_error_rate": 0.38003003003003005,
  "word_similarity": 0.7971680469125568,
  "meteor_score": 0.6247100816073097,
  "rouge1_score": 0.6684178867588922,
  "rouge2_score": 0.5477725189800011,
  "rougeL_score": 0.6675768201068373,
  "sentence_bleu_score": 0.42062058040650824,
  "bertscore_precision": 0.9269012212753296,
  "bertscore_recall": 0.9261280298233032,
  "bertscore_f1": 0.9264299273490906,
  "semantic_similarity": 0.6368955950759769,
  "semantic_wer": 0.36310440492402307
}